[
  {
    "상권": "길동복조리시장",
    "값": 50.0
  },
  {
    "상권": "보문역 5번",
    "값": 50.0
  },
  {
    "상권": "상도1동주민센터앞",
    "값": 50.0
  },
  {
    "상권": "상봉역 7번",
    "값": 50.0
  },
  {
    "상권": "용강동주민센터",
    "값": 50.0
  },
  {
    "상권": "전농로터리시장",
    "값": 50.0
  },
  {
    "상권": "회기시장",
    "값": 50.0
  },
  {
    "상권": "길동주민센터(강동도서관)",
    "값": 46.75
  },
  {
    "상권": "시립서북병원",
    "값": 42.5
  },
  {
    "상권": "개웅초등학교(개웅중학교)",
    "값": 37.5
  }
]