{
  "11110515": {
    "점포_수": 2,
    "개업_점포_수": 0,
    "폐업_점포_수": 0
  },
  "11110530": {
    "점포_수": 4,
    "개업_점포_수": 1,
    "폐업_점포_수": 0
  },
  "11110570": {
    "점포_수": 2,
    "개업_점포_수": 0,
    "폐업_점포_수": 0
  },
  "11110580": {
    "점포_수": 3,
    "개업_점포_수": 0,
    "폐업_점포_수": 1
  },
  "11110600": {
    "점포_수": 3,
    "개업_점포_수": 0,
    "폐업_점포_수": 0
  },
  "11110615": {
    "점포_수": 26,
    "개업_점포_수": 2,
    "폐업_점포_수": 3
  },
  "11110630": {
    "점포_수": 5,
    "개업_점포_수": 0,
    "폐업_점포_수": 0
  },
  "11110650": {
    "점포_수": 6,
    "개업_점포_수": 0,
    "폐업_점포_수": 0
  },
  "11110670": {
    "점포_수": 7,
    "개업_점포_수": 0,
    "폐업_점포_수": 0
  },
  "11110680": {
    "점포_수": 2,
    "개업_점포_수": 0,
    "폐업_점포_수": 1
  },
  "11110710": {
    "점포_수": 3,
    "개업_점포_수": 0,
    "폐업_점포_수": 2
  },
  "11140520": {
    "점포_수": 11,
    "개업_점포_수": 0,
    "폐업_점포_수": 1
  },
  "11140540": {
    "점포_수": 4,
    "개업_점포_수": 1,
    "폐업_점포_수": 0
  },
  "11140550": {
    "점포_수": 4,
    "개업_점포_수": 0,
    "폐업_점포_수": 0
  },
  "11140570": {
    "점포_수": 3,
    "개업_점포_수": 0,
    "폐업_점포_수": 1
  },
  "11140590": {
    "점포_수": 10,
    "개업_점포_수": 1,
    "폐업_점포_수": 0
  },
  "11140605": {
    "점포_수": 1,
    "개업_점포_수": 0,
    "폐업_점포_수": 0
  },
  "11140615": {
    "점포_수": 2,
    "개업_점포_수": 0,
    "폐업_점포_수": 0
  },
  "11140635": {
    "점포_수": 2,
    "개업_점포_수": 0,
    "폐업_점포_수": 0
  },
  "11140650": {
    "점포_수": 4,
    "개업_점포_수": 1,
    "폐업_점포_수": 0
  },
  "11140665": {
    "점포_수": 2,
    "개업_점포_수": 0,
    "폐업_점포_수": 0
  },
  "11140680": {
    "점포_수": 1,
    "개업_점포_수": 0,
    "폐업_점포_수": 0
  },
  "11170510": {
    "점포_수": 1,
    "개업_점포_수": 0,
    "폐업_점포_수": 0
  },
  "11170530": {
    "점포_수": 7,
    "개업_점포_수": 2,
    "폐업_점포_수": 1
  },
  "11170555": {
    "점포_수": 4,
    "개업_점포_수": 1,
    "폐업_점포_수": 0
  },
  "11170590": {
    "점포_수": 8,
    "개업_점포_수": 2,
    "폐업_점포_수": 0
  },
  "11170625": {
    "점포_수": 3,
    "개업_점포_수": 0,
    "폐업_점포_수": 0
  },
  "11170630": {
    "점포_수": 2,
    "개업_점포_수": 0,
    "폐업_점포_수": 1
  },
  "11170640": {
    "점포_수": 0,
    "개업_점포_수": 2,
    "폐업_점포_수": 1
  },
  "11170650": {
    "점포_수": 13,
    "개업_점포_수": 0,
    "폐업_점포_수": 2
  },
  "11170685": {
    "점포_수": 6,
    "개업_점포_수": 0,
    "폐업_점포_수": 1
  },
  "11170700": {
    "점포_수": 1,
    "개업_점포_수": 0,
    "폐업_점포_수": 0
  },
  "11200520": {
    "점포_수": 2,
    "개업_점포_수": 0,
    "폐업_점포_수": 0
  },
  "11200535": {
    "점포_수": 3,
    "개업_점포_수": 0,
    "폐업_점포_수": 0
  },
  "11200540": {
    "점포_수": 2,
    "개업_점포_수": 0,
    "폐업_점포_수": 0
  },
  "11200550": {
    "점포_수": 5,
    "개업_점포_수": 0,
    "폐업_점포_수": 0
  },
  "11200560": {
    "점포_수": 8,
    "개업_점포_수": 1,
    "폐업_점포_수": 0
  },
  "11200615": {
    "점포_수": 5,
    "개업_점포_수": 1,
    "폐업_점포_수": 1
  },
  "11200620": {
    "점포_수": 3,
    "개업_점포_수": 0,
    "폐업_점포_수": 0
  },
  "11200645": {
    "점포_수": 0,
    "개업_점포_수": 0,
    "폐업_점포_수": 0
  },
  "11200650": {
    "점포_수": 1,
    "개업_점포_수": 0,
    "폐업_점포_수": 0
  },
  "11200660": {
    "점포_수": 0,
    "개업_점포_수": 0,
    "폐업_점포_수": 0
  },
  "11200670": {
    "점포_수": 7,
    "개업_점포_수": 0,
    "폐업_점포_수": 0
  },
  "11200690": {
    "점포_수": 3,
    "개업_점포_수": 0,
    "폐업_점포_수": 0
  },
  "11200720": {
    "점포_수": 3,
    "개업_점포_수": 0,
    "폐업_점포_수": 0
  },
  "11200790": {
    "점포_수": 2,
    "개업_점포_수": 0,
    "폐업_점포_수": 0
  },
  "11215710": {
    "점포_수": 5,
    "개업_점포_수": 0,
    "폐업_점포_수": 2
  },
  "11215730": {
    "점포_수": 17,
    "개업_점포_수": 0,
    "폐업_점포_수": 1
  },
  "11215740": {
    "점포_수": 5,
    "개업_점포_수": 0,
    "폐업_점포_수": 0
  },
  "11215750": {
    "점포_수": 4,
    "개업_점포_수": 0,
    "폐업_점포_수": 0
  },
  "11215760": {
    "점포_수": 0,
    "개업_점포_수": 0,
    "폐업_점포_수": 0
  },
  "11215780": {
    "점포_수": 2,
    "개업_점포_수": 0,
    "폐업_점포_수": 0
  },
  "11215820": {
    "점포_수": 9,
    "개업_점포_수": 0,
    "폐업_점포_수": 0
  },
  "11215830": {
    "점포_수": 2,
    "개업_점포_수": 0,
    "폐업_점포_수": 0
  },
  "11215840": {
    "점포_수": 0,
    "개업_점포_수": 0,
    "폐업_점포_수": 0
  },
  "11215847": {
    "점포_수": 4,
    "개업_점포_수": 0,
    "폐업_점포_수": 0
  },
  "11215850": {
    "점포_수": 10,
    "개업_점포_수": 0,
    "폐업_점포_수": 2
  },
  "11215870": {
    "점포_수": 1,
    "개업_점포_수": 0,
    "폐업_점포_수": 1
  },
  "11230536": {
    "점포_수": 1,
    "개업_점포_수": 0,
    "폐업_점포_수": 0
  },
  "11230545": {
    "점포_수": 4,
    "개업_점포_수": 0,
    "폐업_점포_수": 0
  },
  "11230560": {
    "점포_수": 5,
    "개업_점포_수": 0,
    "폐업_점포_수": 0
  },
  "11230600": {
    "점포_수": 4,
    "개업_점포_수": 5,
    "폐업_점포_수": 1
  },
  "11230610": {
    "점포_수": 1,
    "개업_점포_수": 0,
    "폐업_점포_수": 0
  },
  "11230650": {
    "점포_수": 4,
    "개업_점포_수": 0,
    "폐업_점포_수": 0
  },
  "11230660": {
    "점포_수": 0,
    "개업_점포_수": 0,
    "폐업_점포_수": 2
  },
  "11230710": {
    "점포_수": 1,
    "개업_점포_수": 0,
    "폐업_점포_수": 0
  },
  "11230720": {
    "점포_수": 7,
    "개업_점포_수": 0,
    "폐업_점포_수": 0
  },
  "11230730": {
    "점포_수": 3,
    "개업_점포_수": 0,
    "폐업_점포_수": 0
  },
  "11230740": {
    "점포_수": 3,
    "개업_점포_수": 2,
    "폐업_점포_수": 1
  },
  "11260520": {
    "점포_수": 11,
    "개업_점포_수": 0,
    "폐업_점포_수": 0
  },
  "11260550": {
    "점포_수": 3,
    "개업_점포_수": 0,
    "폐업_점포_수": 0
  },
  "11260565": {
    "점포_수": 5,
    "개업_점포_수": 0,
    "폐업_점포_수": 1
  },
  "11260570": {
    "점포_수": 6,
    "개업_점포_수": 0,
    "폐업_점포_수": 0
  },
  "11260575": {
    "점포_수": 10,
    "개업_점포_수": 0,
    "폐업_점포_수": 0
  },
  "11260580": {
    "점포_수": 4,
    "개업_점포_수": 0,
    "폐업_점포_수": 0
  },
  "11260590": {
    "점포_수": 8,
    "개업_점포_수": 0,
    "폐업_점포_수": 0
  },
  "11260610": {
    "점포_수": 4,
    "개업_점포_수": 2,
    "폐업_점포_수": 0
  },
  "11260630": {
    "점포_수": 2,
    "개업_점포_수": 0,
    "폐업_점포_수": 0
  },
  "11260655": {
    "점포_수": 3,
    "개업_점포_수": 0,
    "폐업_점포_수": 0
  },
  "11260680": {
    "점포_수": 2,
    "개업_점포_수": 0,
    "폐업_점포_수": 0
  },
  "11290555": {
    "점포_수": 1,
    "개업_점포_수": 1,
    "폐업_점포_수": 0
  },
  "11290575": {
    "점포_수": 6,
    "개업_점포_수": 3,
    "폐업_점포_수": 1
  },
  "11290600": {
    "점포_수": 6,
    "개업_점포_수": 0,
    "폐업_점포_수": 0
  },
  "11290620": {
    "점포_수": 4,
    "개업_점포_수": 0,
    "폐업_점포_수": 0
  },
  "11290630": {
    "점포_수": 3,
    "개업_점포_수": 0,
    "폐업_점포_수": 0
  },
  "11290640": {
    "점포_수": 4,
    "개업_점포_수": 0,
    "폐업_점포_수": 0
  },
  "11290650": {
    "점포_수": 1,
    "개업_점포_수": 2,
    "폐업_점포_수": 0
  },
  "11290660": {
    "점포_수": 0,
    "개업_점포_수": 0,
    "폐업_점포_수": 0
  },
  "11290705": {
    "점포_수": 7,
    "개업_점포_수": 0,
    "폐업_점포_수": 1
  },
  "11290715": {
    "점포_수": 5,
    "개업_점포_수": 1,
    "폐업_점포_수": 1
  },
  "11290725": {
    "점포_수": 2,
    "개업_점포_수": 2,
    "폐업_점포_수": 1
  },
  "11290810": {
    "점포_수": 5,
    "개업_점포_수": 0,
    "폐업_점포_수": 2
  },
  "11305535": {
    "점포_수": 8,
    "개업_점포_수": 0,
    "폐업_점포_수": 0
  },
  "11305545": {
    "점포_수": 0,
    "개업_점포_수": 1,
    "폐업_점포_수": 0
  },
  "11305555": {
    "점포_수": 5,
    "개업_점포_수": 0,
    "폐업_점포_수": 1
  },
  "11305595": {
    "점포_수": 2,
    "개업_점포_수": 1,
    "폐업_점포_수": 0
  },
  "11305608": {
    "점포_수": 0,
    "개업_점포_수": 0,
    "폐업_점포_수": 0
  },
  "11305625": {
    "점포_수": 2,
    "개업_점포_수": 0,
    "폐업_점포_수": 0
  },
  "11305635": {
    "점포_수": 8,
    "개업_점포_수": 0,
    "폐업_점포_수": 1
  },
  "11305645": {
    "점포_수": 1,
    "개업_점포_수": 0,
    "폐업_점포_수": 0
  },
  "11320511": {
    "점포_수": 3,
    "개업_점포_수": 0,
    "폐업_점포_수": 0
  },
  "11320512": {
    "점포_수": 3,
    "개업_점포_수": 0,
    "폐업_점포_수": 0
  },
  "11320513": {
    "점포_수": 5,
    "개업_점포_수": 2,
    "폐업_점포_수": 1
  },
  "11320514": {
    "점포_수": 1,
    "개업_점포_수": 0,
    "폐업_점포_수": 0
  },
  "11320515": {
    "점포_수": 1,
    "개업_점포_수": 0,
    "폐업_점포_수": 0
  },
  "11320521": {
    "점포_수": 4,
    "개업_점포_수": 2,
    "폐업_점포_수": 1
  },
  "11320660": {
    "점포_수": 2,
    "개업_점포_수": 0,
    "폐업_점포_수": 0
  },
  "11320670": {
    "점포_수": 4,
    "개업_점포_수": 0,
    "폐업_점포_수": 0
  },
  "11320680": {
    "점포_수": 8,
    "개업_점포_수": 0,
    "폐업_점포_수": 0
  },
  "11320690": {
    "점포_수": 14,
    "개업_점포_수": 0,
    "폐업_점포_수": 1
  },
  "11320700": {
    "점포_수": 3,
    "개업_점포_수": 0,
    "폐업_점포_수": 0
  },
  "11350560": {
    "점포_수": 6,
    "개업_점포_수": 0,
    "폐업_점포_수": 0
  },
  "11350570": {
    "점포_수": 1,
    "개업_점포_수": 2,
    "폐업_점포_수": 1
  },
  "11350595": {
    "점포_수": 12,
    "개업_점포_수": 0,
    "폐업_점포_수": 0
  },
  "11350600": {
    "점포_수": 1,
    "개업_점포_수": 0,
    "폐업_점포_수": 0
  },
  "11350611": {
    "점포_수": 1,
    "개업_점포_수": 0,
    "폐업_점포_수": 0
  },
  "11350619": {
    "점포_수": 6,
    "개업_점포_수": 0,
    "폐업_점포_수": 1
  },
  "11350624": {
    "점포_수": 4,
    "개업_점포_수": 1,
    "폐업_점포_수": 0
  },
  "11350625": {
    "점포_수": 4,
    "개업_점포_수": 0,
    "폐업_점포_수": 0
  },
  "11350630": {
    "점포_수": 10,
    "개업_점포_수": 2,
    "폐업_점포_수": 1
  },
  "11350640": {
    "점포_수": 21,
    "개업_점포_수": 3,
    "폐업_점포_수": 1
  },
  "11350665": {
    "점포_수": 3,
    "개업_점포_수": 0,
    "폐업_점포_수": 0
  },
  "11350670": {
    "점포_수": 5,
    "개업_점포_수": 0,
    "폐업_점포_수": 0
  },
  "11350695": {
    "점포_수": 1,
    "개업_점포_수": 0,
    "폐업_점포_수": 0
  },
  "11350710": {
    "점포_수": 3,
    "개업_점포_수": 0,
    "폐업_점포_수": 0
  },
  "11380510": {
    "점포_수": 0,
    "개업_점포_수": 0,
    "폐업_점포_수": 0
  },
  "11380520": {
    "점포_수": 6,
    "개업_점포_수": 0,
    "폐업_점포_수": 0
  },
  "11380530": {
    "점포_수": 1,
    "개업_점포_수": 0,
    "폐업_점포_수": 0
  },
  "11380551": {
    "점포_수": 8,
    "개업_점포_수": 0,
    "폐업_점포_수": 1
  },
  "11380552": {
    "점포_수": 7,
    "개업_점포_수": 3,
    "폐업_점포_수": 3
  },
  "11380560": {
    "점포_수": 4,
    "개업_점포_수": 0,
    "폐업_점포_수": 1
  },
  "11380570": {
    "점포_수": 1,
    "개업_점포_수": 1,
    "폐업_점포_수": 0
  },
  "11380580": {
    "점포_수": 1,
    "개업_점포_수": 0,
    "폐업_점포_수": 0
  },
  "11380600": {
    "점포_수": 9,
    "개업_점포_수": 1,
    "폐업_점포_수": 0
  },
  "11380625": {
    "점포_수": 4,
    "개업_점포_수": 0,
    "폐업_점포_수": 1
  },
  "11380632": {
    "점포_수": 1,
    "개업_점포_수": 0,
    "폐업_점포_수": 0
  },
  "11380640": {
    "점포_수": 3,
    "개업_점포_수": 0,
    "폐업_점포_수": 0
  },
  "11410520": {
    "점포_수": 1,
    "개업_점포_수": 0,
    "폐업_점포_수": 0
  },
  "11410565": {
    "점포_수": 0,
    "개업_점포_수": 0,
    "폐업_점포_수": 0
  },
  "11410585": {
    "점포_수": 15,
    "개업_점포_수": 1,
    "폐업_점포_수": 3
  },
  "11410615": {
    "점포_수": 4,
    "개업_점포_수": 0,
    "폐업_점포_수": 0
  },
  "11410640": {
    "점포_수": 2,
    "개업_점포_수": 0,
    "폐업_점포_수": 0
  },
  "11410660": {
    "점포_수": 1,
    "개업_점포_수": 0,
    "폐업_점포_수": 0
  },
  "11410685": {
    "점포_수": 4,
    "개업_점포_수": 0,
    "폐업_점포_수": 2
  },
  "11410700": {
    "점포_수": 4,
    "개업_점포_수": 2,
    "폐업_점포_수": 1
  },
  "11410720": {
    "점포_수": 6,
    "개업_점포_수": 0,
    "폐업_점포_수": 0
  },
  "11440555": {
    "점포_수": 3,
    "개업_점포_수": 0,
    "폐업_점포_수": 0
  },
  "11440565": {
    "점포_수": 4,
    "개업_점포_수": 0,
    "폐업_점포_수": 0
  },
  "11440585": {
    "점포_수": 6,
    "개업_점포_수": 0,
    "폐업_점포_수": 0
  },
  "11440590": {
    "점포_수": 0,
    "개업_점포_수": 0,
    "폐업_점포_수": 0
  },
  "11440600": {
    "점포_수": 3,
    "개업_점포_수": 0,
    "폐업_점포_수": 0
  },
  "11440610": {
    "점포_수": 3,
    "개업_점포_수": 0,
    "폐업_점포_수": 0
  },
  "11440655": {
    "점포_수": 0,
    "개업_점포_수": 0,
    "폐업_점포_수": 0
  },
  "11440660": {
    "점포_수": 18,
    "개업_점포_수": 0,
    "폐업_점포_수": 0
  },
  "11440680": {
    "점포_수": 0,
    "개업_점포_수": 0,
    "폐업_점포_수": 0
  },
  "11440690": {
    "점포_수": 8,
    "개업_점포_수": 1,
    "폐업_점포_수": 0
  },
  "11440700": {
    "점포_수": 5,
    "개업_점포_수": 0,
    "폐업_점포_수": 0
  },
  "11440710": {
    "점포_수": 8,
    "개업_점포_수": 0,
    "폐업_점포_수": 0
  },
  "11440720": {
    "점포_수": 1,
    "개업_점포_수": 0,
    "폐업_점포_수": 0
  },
  "11440730": {
    "점포_수": 2,
    "개업_점포_수": 0,
    "폐업_점포_수": 0
  },
  "11440740": {
    "점포_수": 4,
    "개업_점포_수": 0,
    "폐업_점포_수": 1
  },
  "11470510": {
    "점포_수": 11,
    "개업_점포_수": 1,
    "폐업_점포_수": 2
  },
  "11470520": {
    "점포_수": 1,
    "개업_점포_수": 0,
    "폐업_점포_수": 0
  },
  "11470530": {
    "점포_수": 13,
    "개업_점포_수": 5,
    "폐업_점포_수": 2
  },
  "11470540": {
    "점포_수": 3,
    "개업_점포_수": 3,
    "폐업_점포_수": 2
  },
  "11470560": {
    "점포_수": 5,
    "개업_점포_수": 0,
    "폐업_점포_수": 2
  },
  "11470570": {
    "점포_수": 2,
    "개업_점포_수": 0,
    "폐업_점포_수": 0
  },
  "11470580": {
    "점포_수": 2,
    "개업_점포_수": 0,
    "폐업_점포_수": 0
  },
  "11470590": {
    "점포_수": 4,
    "개업_점포_수": 0,
    "폐업_점포_수": 0
  },
  "11470610": {
    "점포_수": 1,
    "개업_점포_수": 0,
    "폐업_점포_수": 0
  },
  "11470611": {
    "점포_수": 2,
    "개업_점포_수": 0,
    "폐업_점포_수": 0
  },
  "11470620": {
    "점포_수": 2,
    "개업_점포_수": 0,
    "폐업_점포_수": 1
  },
  "11470630": {
    "점포_수": 4,
    "개업_점포_수": 0,
    "폐업_점포_수": 2
  },
  "11470650": {
    "점포_수": 11,
    "개업_점포_수": 0,
    "폐업_점포_수": 1
  },
  "11500520": {
    "점포_수": 1,
    "개업_점포_수": 0,
    "폐업_점포_수": 0
  },
  "11500535": {
    "점포_수": 4,
    "개업_점포_수": 0,
    "폐업_점포_수": 0
  },
  "11500540": {
    "점포_수": 21,
    "개업_점포_수": 0,
    "폐업_점포_수": 4
  },
  "11500550": {
    "점포_수": 1,
    "개업_점포_수": 0,
    "폐업_점포_수": 0
  },
  "11500560": {
    "점포_수": 8,
    "개업_점포_수": 0,
    "폐업_점포_수": 0
  },
  "11500570": {
    "점포_수": 6,
    "개업_점포_수": 0,
    "폐업_점포_수": 0
  },
  "11500590": {
    "점포_수": 3,
    "개업_점포_수": 0,
    "폐업_점포_수": 0
  },
  "11500591": {
    "점포_수": 2,
    "개업_점포_수": 0,
    "폐업_점포_수": 1
  },
  "11500593": {
    "점포_수": 4,
    "개업_점포_수": 0,
    "폐업_점포_수": 0
  },
  "11500603": {
    "점포_수": 4,
    "개업_점포_수": 0,
    "폐업_점포_수": 0
  },
  "11500611": {
    "점포_수": 4,
    "개업_점포_수": 0,
    "폐업_점포_수": 1
  },
  "11500620": {
    "점포_수": 2,
    "개업_점포_수": 0,
    "폐업_점포_수": 0
  },
  "11500630": {
    "점포_수": 10,
    "개업_점포_수": 0,
    "폐업_점포_수": 0
  },
  "11500640": {
    "점포_수": 3,
    "개업_점포_수": 0,
    "폐업_점포_수": 0
  },
  "11500641": {
    "점포_수": 1,
    "개업_점포_수": 0,
    "폐업_점포_수": 1
  },
  "11530510": {
    "점포_수": 1,
    "개업_점포_수": 0,
    "폐업_점포_수": 0
  },
  "11530530": {
    "점포_수": 3,
    "개업_점포_수": 1,
    "폐업_점포_수": 0
  },
  "11530540": {
    "점포_수": 8,
    "개업_점포_수": 4,
    "폐업_점포_수": 2
  },
  "11530550": {
    "점포_수": 3,
    "개업_점포_수": 0,
    "폐업_점포_수": 0
  },
  "11530560": {
    "점포_수": 7,
    "개업_점포_수": 0,
    "폐업_점포_수": 0
  },
  "11530595": {
    "점포_수": 3,
    "개업_점포_수": 1,
    "폐업_점포_수": 1
  },
  "11530720": {
    "점포_수": 6,
    "개업_점포_수": 2,
    "폐업_점포_수": 0
  },
  "11530730": {
    "점포_수": 8,
    "개업_점포_수": 1,
    "폐업_점포_수": 1
  },
  "11530740": {
    "점포_수": 2,
    "개업_점포_수": 0,
    "폐업_점포_수": 0
  },
  "11530750": {
    "점포_수": 3,
    "개업_점포_수": 0,
    "폐업_점포_수": 0
  },
  "11530760": {
    "점포_수": 5,
    "개업_점포_수": 1,
    "폐업_점포_수": 1
  },
  "11530770": {
    "점포_수": 3,
    "개업_점포_수": 1,
    "폐업_점포_수": 0
  },
  "11530780": {
    "점포_수": 3,
    "개업_점포_수": 0,
    "폐업_점포_수": 3
  },
  "11530790": {
    "점포_수": 2,
    "개업_점포_수": 1,
    "폐업_점포_수": 1
  },
  "11545510": {
    "점포_수": 10,
    "개업_점포_수": 2,
    "폐업_점포_수": 2
  },
  "11545610": {
    "점포_수": 9,
    "개업_점포_수": 0,
    "폐업_점포_수": 0
  },
  "11545620": {
    "점포_수": 3,
    "개업_점포_수": 0,
    "폐업_점포_수": 1
  },
  "11545630": {
    "점포_수": 7,
    "개업_점포_수": 0,
    "폐업_점포_수": 1
  },
  "11545640": {
    "점포_수": 2,
    "개업_점포_수": 1,
    "폐업_점포_수": 1
  },
  "11545670": {
    "점포_수": 7,
    "개업_점포_수": 3,
    "폐업_점포_수": 1
  },
  "11545700": {
    "점포_수": 1,
    "개업_점포_수": 0,
    "폐업_점포_수": 0
  },
  "11545710": {
    "점포_수": 6,
    "개업_점포_수": 2,
    "폐업_점포_수": 1
  },
  "11560515": {
    "점포_수": 4,
    "개업_점포_수": 0,
    "폐업_점포_수": 0
  },
  "11560535": {
    "점포_수": 4,
    "개업_점포_수": 0,
    "폐업_점포_수": 0
  },
  "11560540": {
    "점포_수": 13,
    "개업_점포_수": 2,
    "폐업_점포_수": 1
  },
  "11560550": {
    "점포_수": 6,
    "개업_점포_수": 1,
    "폐업_점포_수": 1
  },
  "11560560": {
    "점포_수": 5,
    "개업_점포_수": 0,
    "폐업_점포_수": 0
  },
  "11560585": {
    "점포_수": 0,
    "개업_점포_수": 0,
    "폐업_점포_수": 0
  },
  "11560605": {
    "점포_수": 6,
    "개업_점포_수": 0,
    "폐업_점포_수": 0
  },
  "11560620": {
    "점포_수": 1,
    "개업_점포_수": 0,
    "폐업_점포_수": 0
  },
  "11560630": {
    "점포_수": 1,
    "개업_점포_수": 0,
    "폐업_점포_수": 1
  },
  "11560650": {
    "점포_수": 1,
    "개업_점포_수": 0,
    "폐업_점포_수": 0
  },
  "11560670": {
    "점포_수": 0,
    "개업_점포_수": 2,
    "폐업_점포_수": 1
  },
  "11560680": {
    "점포_수": 1,
    "개업_점포_수": 0,
    "폐업_점포_수": 0
  },
  "11560690": {
    "점포_수": 1,
    "개업_점포_수": 1,
    "폐업_점포_수": 1
  },
  "11560700": {
    "점포_수": 2,
    "개업_점포_수": 0,
    "폐업_점포_수": 0
  },
  "11560720": {
    "점포_수": 2,
    "개업_점포_수": 0,
    "폐업_점포_수": 0
  },
  "11590510": {
    "점포_수": 2,
    "개업_점포_수": 0,
    "폐업_점포_수": 0
  },
  "11590520": {
    "점포_수": 1,
    "개업_점포_수": 0,
    "폐업_점포_수": 0
  },
  "11590530": {
    "점포_수": 5,
    "개업_점포_수": 0,
    "폐업_점포_수": 1
  },
  "11590540": {
    "점포_수": 2,
    "개업_점포_수": 0,
    "폐업_점포_수": 0
  },
  "11590550": {
    "점포_수": 6,
    "개업_점포_수": 0,
    "폐업_점포_수": 1
  },
  "11590605": {
    "점포_수": 0,
    "개업_점포_수": 0,
    "폐업_점포_수": 0
  },
  "11590620": {
    "점포_수": 8,
    "개업_점포_수": 1,
    "폐업_점포_수": 0
  },
  "11590630": {
    "점포_수": 12,
    "개업_점포_수": 0,
    "폐업_점포_수": 0
  },
  "11590640": {
    "점포_수": 1,
    "개업_점포_수": 0,
    "폐업_점포_수": 0
  },
  "11590650": {
    "점포_수": 5,
    "개업_점포_수": 2,
    "폐업_점포_수": 1
  },
  "11590660": {
    "점포_수": 5,
    "개업_점포_수": 1,
    "폐업_점포_수": 1
  },
  "11590670": {
    "점포_수": 5,
    "개업_점포_수": 0,
    "폐업_점포_수": 0
  },
  "11590680": {
    "점포_수": 1,
    "개업_점포_수": 1,
    "폐업_점포_수": 1
  },
  "11620525": {
    "점포_수": 7,
    "개업_점포_수": 0,
    "폐업_점포_수": 0
  },
  "11620565": {
    "점포_수": 4,
    "개업_점포_수": 1,
    "폐업_점포_수": 0
  },
  "11620575": {
    "점포_수": 3,
    "개업_점포_수": 0,
    "폐업_점포_수": 0
  },
  "11620585": {
    "점포_수": 3,
    "개업_점포_수": 1,
    "폐업_점포_수": 2
  },
  "11620595": {
    "점포_수": 6,
    "개업_점포_수": 0,
    "폐업_점포_수": 0
  },
  "11620615": {
    "점포_수": 3,
    "개업_점포_수": 0,
    "폐업_점포_수": 0
  },
  "11620625": {
    "점포_수": 9,
    "개업_점포_수": 0,
    "폐업_점포_수": 0
  },
  "11620630": {
    "점포_수": 3,
    "개업_점포_수": 0,
    "폐업_점포_수": 0
  },
  "11620645": {
    "점포_수": 3,
    "개업_점포_수": 0,
    "폐업_점포_수": 3
  },
  "11620655": {
    "점포_수": 1,
    "개업_점포_수": 0,
    "폐업_점포_수": 0
  },
  "11620665": {
    "점포_수": 6,
    "개업_점포_수": 0,
    "폐업_점포_수": 0
  },
  "11620685": {
    "점포_수": 2,
    "개업_점포_수": 0,
    "폐업_점포_수": 0
  },
  "11620695": {
    "점포_수": 9,
    "개업_점포_수": 1,
    "폐업_점포_수": 1
  },
  "11620725": {
    "점포_수": 1,
    "개업_점포_수": 1,
    "폐업_점포_수": 1
  },
  "11620735": {
    "점포_수": 8,
    "개업_점포_수": 1,
    "폐업_점포_수": 2
  },
  "11620765": {
    "점포_수": 3,
    "개업_점포_수": 2,
    "폐업_점포_수": 1
  },
  "11620775": {
    "점포_수": 1,
    "개업_점포_수": 2,
    "폐업_점포_수": 1
  },
  "11650510": {
    "점포_수": 10,
    "개업_점포_수": 0,
    "폐업_점포_수": 0
  },
  "11650520": {
    "점포_수": 12,
    "개업_점포_수": 0,
    "폐업_점포_수": 3
  },
  "11650530": {
    "점포_수": 3,
    "개업_점포_수": 0,
    "폐업_점포_수": 0
  },
  "11650540": {
    "점포_수": 3,
    "개업_점포_수": 0,
    "폐업_점포_수": 1
  },
  "11650560": {
    "점포_수": 0,
    "개업_점포_수": 0,
    "폐업_점포_수": 0
  },
  "11650581": {
    "점포_수": 8,
    "개업_점포_수": 0,
    "폐업_점포_수": 0
  },
  "11650590": {
    "점포_수": 0,
    "개업_점포_수": 0,
    "폐업_점포_수": 0
  },
  "11650600": {
    "점포_수": 2,
    "개업_점포_수": 0,
    "폐업_점포_수": 0
  },
  "11650610": {
    "점포_수": 5,
    "개업_점포_수": 0,
    "폐업_점포_수": 0
  },
  "11650620": {
    "점포_수": 1,
    "개업_점포_수": 0,
    "폐업_점포_수": 0
  },
  "11650651": {
    "점포_수": 2,
    "개업_점포_수": 0,
    "폐업_점포_수": 0
  },
  "11650652": {
    "점포_수": 9,
    "개업_점포_수": 1,
    "폐업_점포_수": 0
  },
  "11680510": {
    "점포_수": 7,
    "개업_점포_수": 0,
    "폐업_점포_수": 0
  },
  "11680521": {
    "점포_수": 20,
    "개업_점포_수": 3,
    "폐업_점포_수": 1
  },
  "11680531": {
    "점포_수": 10,
    "개업_점포_수": 0,
    "폐업_점포_수": 0
  },
  "11680545": {
    "점포_수": 2,
    "개업_점포_수": 2,
    "폐업_점포_수": 1
  },
  "11680565": {
    "점포_수": 3,
    "개업_점포_수": 0,
    "폐업_점포_수": 0
  },
  "11680580": {
    "점포_수": 3,
    "개업_점포_수": 0,
    "폐업_점포_수": 0
  },
  "11680590": {
    "점포_수": 7,
    "개업_점포_수": 1,
    "폐업_점포_수": 0
  },
  "11680600": {
    "점포_수": 1,
    "개업_점포_수": 0,
    "폐업_점포_수": 0
  },
  "11680610": {
    "점포_수": 3,
    "개업_점포_수": 0,
    "폐업_점포_수": 0
  },
  "11680630": {
    "점포_수": 11,
    "개업_점포_수": 0,
    "폐업_점포_수": 3
  },
  "11680640": {
    "점포_수": 24,
    "개업_점포_수": 0,
    "폐업_점포_수": 0
  },
  "11680650": {
    "점포_수": 3,
    "개업_점포_수": 0,
    "폐업_점포_수": 0
  },
  "11680655": {
    "점포_수": 5,
    "개업_점포_수": 0,
    "폐업_점포_수": 0
  },
  "11680656": {
    "점포_수": 0,
    "개업_점포_수": 0,
    "폐업_점포_수": 0
  },
  "11680670": {
    "점포_수": 2,
    "개업_점포_수": 0,
    "폐업_점포_수": 0
  },
  "11680690": {
    "점포_수": 2,
    "개업_점포_수": 0,
    "폐업_점포_수": 0
  },
  "11680700": {
    "점포_수": 3,
    "개업_점포_수": 0,
    "폐업_점포_수": 0
  },
  "11680730": {
    "점포_수": 4,
    "개업_점포_수": 0,
    "폐업_점포_수": 0
  },
  "11680750": {
    "점포_수": 2,
    "개업_점포_수": 0,
    "폐업_점포_수": 1
  },
  "11710510": {
    "점포_수": 1,
    "개업_점포_수": 0,
    "폐업_점포_수": 0
  },
  "11710531": {
    "점포_수": 2,
    "개업_점포_수": 0,
    "폐업_점포_수": 1
  },
  "11710532": {
    "점포_수": 2,
    "개업_점포_수": 0,
    "폐업_점포_수": 0
  },
  "11710540": {
    "점포_수": 3,
    "개업_점포_수": 0,
    "폐업_점포_수": 0
  },
  "11710550": {
    "점포_수": 3,
    "개업_점포_수": 0,
    "폐업_점포_수": 0
  },
  "11710561": {
    "점포_수": 3,
    "개업_점포_수": 0,
    "폐업_점포_수": 0
  },
  "11710562": {
    "점포_수": 16,
    "개업_점포_수": 0,
    "폐업_점포_수": 0
  },
  "11710570": {
    "점포_수": 2,
    "개업_점포_수": 1,
    "폐업_점포_수": 0
  },
  "11710580": {
    "점포_수": 5,
    "개업_점포_수": 0,
    "폐업_점포_수": 0
  },
  "11710590": {
    "점포_수": 0,
    "개업_점포_수": 2,
    "폐업_점포_수": 1
  },
  "11710600": {
    "점포_수": 3,
    "개업_점포_수": 0,
    "폐업_점포_수": 0
  },
  "11710610": {
    "점포_수": 5,
    "개업_점포_수": 0,
    "폐업_점포_수": 1
  },
  "11710620": {
    "점포_수": 10,
    "개업_점포_수": 0,
    "폐업_점포_수": 3
  },
  "11710632": {
    "점포_수": 1,
    "개업_점포_수": 0,
    "폐업_점포_수": 0
  },
  "11710641": {
    "점포_수": 0,
    "개업_점포_수": 0,
    "폐업_점포_수": 0
  },
  "11710642": {
    "점포_수": 6,
    "개업_점포_수": 1,
    "폐업_점포_수": 0
  },
  "11710646": {
    "점포_수": 2,
    "개업_점포_수": 0,
    "폐업_점포_수": 1
  },
  "11710650": {
    "점포_수": 19,
    "개업_점포_수": 1,
    "폐업_점포_수": 2
  },
  "11710710": {
    "점포_수": 1,
    "개업_점포_수": 1,
    "폐업_점포_수": 0
  },
  "11740515": {
    "점포_수": 1,
    "개업_점포_수": 0,
    "폐업_점포_수": 0
  },
  "11740520": {
    "점포_수": 1,
    "개업_점포_수": 0,
    "폐업_점포_수": 0
  },
  "11740530": {
    "점포_수": 6,
    "개업_점포_수": 0,
    "폐업_점포_수": 1
  },
  "11740540": {
    "점포_수": 3,
    "개업_점포_수": 1,
    "폐업_점포_수": 1
  },
  "11740550": {
    "점포_수": 0,
    "개업_점포_수": 0,
    "폐업_점포_수": 0
  },
  "11740560": {
    "점포_수": 3,
    "개업_점포_수": 1,
    "폐업_점포_수": 0
  },
  "11740570": {
    "점포_수": 6,
    "개업_점포_수": 1,
    "폐업_점포_수": 0
  },
  "11740580": {
    "점포_수": 1,
    "개업_점포_수": 0,
    "폐업_점포_수": 0
  },
  "11740600": {
    "점포_수": 1,
    "개업_점포_수": 0,
    "폐업_점포_수": 1
  },
  "11740610": {
    "점포_수": 8,
    "개업_점포_수": 0,
    "폐업_점포_수": 1
  },
  "11740620": {
    "점포_수": 4,
    "개업_점포_수": 0,
    "폐업_점포_수": 0
  },
  "11740650": {
    "점포_수": 5,
    "개업_점포_수": 0,
    "폐업_점포_수": 1
  },
  "11740660": {
    "점포_수": 10,
    "개업_점포_수": 1,
    "폐업_점포_수": 0
  },
  "11740685": {
    "점포_수": 12,
    "개업_점포_수": 1,
    "폐업_점포_수": 6
  },
  "11740700": {
    "점포_수": 3,
    "개업_점포_수": 1,
    "폐업_점포_수": 1
  }
}
