[
  {
    "상권": "경찰병원역 4번(건너말공원)",
    "값": 100.0
  },
  {
    "상권": "봉천현대시장",
    "값": 100.0
  },
  {
    "상권": "언주역 3번",
    "값": 100.0
  },
  {
    "상권": "동의초등학교",
    "값": 50.0
  },
  {
    "상권": "성내중학교",
    "값": 50.0
  },
  {
    "상권": "오류지구대",
    "값": 50.0
  },
  {
    "상권": "길동주민센터(강동도서관)",
    "값": 25.75
  },
  {
    "상권": "강북문화예술회관",
    "값": 25.0
  },
  {
    "상권": "강서농산물도매시장",
    "값": 25.0
  },
  {
    "상권": "강서새말어린이공원",
    "값": 25.0
  }
]