[
  {
    "상권": "종로?청계 관광특구",
    "값": 57
  },
  {
    "상권": "노원역",
    "값": 55
  },
  {
    "상권": "어린이대공원역",
    "값": 48
  },
  {
    "상권": "강남역",
    "값": 47
  },
  {
    "상권": "등촌역",
    "값": 38
  },
  {
    "상권": "명동 남대문 북창동 다동 무교동 관광특구",
    "값": 38
  },
  {
    "상권": "신촌역(신촌역, 신촌로터리)",
    "값": 37
  },
  {
    "상권": "목동신시가지",
    "값": 36
  },
  {
    "상권": "가산디지털단지",
    "값": 32
  },
  {
    "상권": "독산동",
    "값": 32
  }
]