{
  "hosting": {
    "public": "build",
    "ignore": ["firebase.json", "**/.*", "**/node_modules/**"],
    "rewrites": [
      {
        "source": "**",
        "destination": "/index.html"
      },
      { "source": "/data/**", "destination": "/data/$1" }
    ]
  },
  "functions": [
    {
      "source": "functions",
      "codebase": "default",
      "runtime": "nodejs18",
      "region": "asia-northeast3",
      "ignore": [
        "node_modules",
        ".git",
        "firebase-debug.log",
        "firebase-debug.*.log",
        "*.local"
      ],
      "predeploy": ["npm --prefix \"$RESOURCE_DIR\" run build"]
    }
  ]
}
