[
  {
    "상권":"종로?청계 관광특구",
    "값":15
  },
  {
    "상권":"노원역",
    "값":14
  },
  {
    "상권":"어린이대공원역",
    "값":14
  },
  {
    "상권":"강남역",
    "값":12
  },
  {
    "상권":"등촌역",
    "값":11
  },
  {
    "상권":"명동 남대문 북창동 다동 무교동 관광특구",
    "값":10
  },
  {
    "상권":"신촌역(신촌역, 신촌로터리)",
    "값":10
  },
  {
    "상권":"목동신시가지",
    "값":9
  },
  {
    "상권":"연남동(홍대)",
    "값":8
  },
  {
    "상권":"역삼역",
    "값":8
  }
]