[
  {
    "시간대": "00~06",
    "매출금액": 8532510804,
    "매출건수": 190782
  },
  {
    "시간대": "06~11",
    "매출금액": 370575189,
    "매출건수": 24550
  },
  {
    "시간대": "11~14",
    "매출금액": 4072684914,
    "매출건수": 210044
  },
  {
    "시간대": "14~17",
    "매출금액": 5454211242,
    "매출건수": 248890
  },
  {
    "시간대": "17~21",
    "매출금액": 40891524950,
    "매출건수": 1425156
  },
  {
    "시간대": "21~24",
    "매출금액": 42315000721,
    "매출건수": 1034487
  }
]
