[
  {
    "요일": "금요일_매출_금액",
    "매출": 17008095076
  },
  {
    "요일": "목요일_매출_금액",
    "매출": 16317970397
  },
  {
    "요일": "토요일_매출_금액",
    "매출": 16098141395
  },
  {
    "요일": "수요일_매출_금액",
    "매출": 15295275696
  },
  {
    "요일": "화요일_매출_금액",
    "매출": 13860467374
  },
  {
    "요일": "월요일_매출_금액",
    "매출": 11945820693
  },
  {
    "요일": "일요일_매출_금액",
    "매출": 11110737189
  },
  {
    "요일": "금요일_매출_건수",
    "매출": 530236
  },
  {
    "요일": "토요일_매출_건수",
    "매출": 503141
  },
  {
    "요일": "목요일_매출_건수",
    "매출": 485848
  },
  {
    "요일": "수요일_매출_건수",
    "매출": 443902
  },
  {
    "요일": "화요일_매출_건수",
    "매출": 422292
  },
  {
    "요일": "일요일_매출_건수",
    "매출": 381110
  },
  {
    "요일": "월요일_매출_건수",
    "매출": 367380
  }
]