[
  {
    "상권":"서원동상점가",
    "값":75
  },
  {
    "상권":"석계역 7번",
    "값":67
  },
  {
    "상권":"신설동역 12번",
    "값":67
  },
  {
    "상권":"문정동 로데오거리 상점가(문정동 로데오거리)",
    "값":67
  },
  {
    "상권":"신월1동우편취급국",
    "값":67
  },
  {
    "상권":"길동역",
    "값":55
  },
  {
    "상권":"화곡중앙시장",
    "값":50
  },
  {
    "상권":"샤로수길",
    "값":40
  },
  {
    "상권":"방화역 1번",
    "값":33
  },
  {
    "상권":"대림1동주민센터",
    "값":33
  }
]