[
  {
    "상권":"강남구청역",
    "값":38
  },
  {
    "상권":"남구로역 5번",
    "값":33
  },
  {
    "상권":"홍제역 2번",
    "값":33
  },
  {
    "상권":"영동교골목시장",
    "값":33
  },
  {
    "상권":"창동골목시장",
    "값":33
  },
  {
    "상권":"고척동성당",
    "값":33
  },
  {
    "상권":"4.19민주묘지역 2번",
    "값":33
  },
  {
    "상권":"아차산역 1번",
    "값":33
  },
  {
    "상권":"선정중학교",
    "값":33
  },
  {
    "상권":"영등포역 2번",
    "값":33
  }
]