[
  {
    "요일": "금요일_매출_금액",
    "매출": 19716161823
  },
  {
    "요일": "토요일_매출_금액",
    "매출": 16967506583
  },
  {
    "요일": "목요일_매출_금액",
    "매출": 16675772403
  },
  {
    "요일": "화요일_매출_금액",
    "매출": 16553453318
  },
  {
    "요일": "수요일_매출_금액",
    "매출": 15781980490
  },
  {
    "요일": "월요일_매출_금액",
    "매출": 13119523230
  },
  {
    "요일": "일요일_매출_금액",
    "매출": 12457246568
  },
  {
    "요일": "금요일_매출_건수",
    "매출": 576688
  },
  {
    "요일": "토요일_매출_건수",
    "매출": 520704
  },
  {
    "요일": "목요일_매출_건수",
    "매출": 478229
  },
  {
    "요일": "화요일_매출_건수",
    "매출": 471811
  },
  {
    "요일": "수요일_매출_건수",
    "매출": 466810
  },
  {
    "요일": "일요일_매출_건수",
    "매출": 413266
  },
  {
    "요일": "월요일_매출_건수",
    "매출": 382665
  }
]
