[
  {
    "시간대": "00~06",
    "매출금액": 8792080085,
    "매출건수": 193561
  },
  {
    "시간대": "06~11",
    "매출금액": 517710254,
    "매출건수": 29522
  },
  {
    "시간대": "11~14",
    "매출금액": 4345644591,
    "매출건수": 228097
  },
  {
    "시간대": "14~17",
    "매출금액": 6167238831,
    "매출건수": 261651
  },
  {
    "시간대": "17~21",
    "매출금액": 45488430181,
    "매출건수": 1489923
  },
  {
    "시간대": "21~24",
    "매출금액": 45960540473,
    "매출건수": 1107419
  }
]
