[
  {
    "상권":"잠실 관광특구",
    "값":19
  },
  {
    "상권":"명동 남대문 북창동 다동 무교동 관광특구",
    "값":17
  },
  {
    "상권":"신촌역(신촌역, 신촌로터리)",
    "값":14
  },
  {
    "상권":"등촌역",
    "값":14
  },
  {
    "상권":"총신대입구역(이수, 총신대)",
    "값":12
  },
  {
    "상권":"오류2동버들시장",
    "값":12
  },
  {
    "상권":"종로3가역",
    "값":12
  },
  {
    "상권":"역삼역",
    "값":12
  },
  {
    "상권":"종각역",
    "값":12
  },
  {
    "상권":"명동(명동거리)",
    "값":12
  }
]