[
  {
    "상권":"선정중학교",
    "값":67
  },
  {
    "상권":"굽은다리역 3번",
    "값":67
  },
  {
    "상권":"청담사거리(청담동명품거리)",
    "값":67
  },
  {
    "상권":"종암동주민센터",
    "값":50
  },
  {
    "상권":"석촌역 7번",
    "값":40
  },
  {
    "상권":"압구정역",
    "값":40
  },
  {
    "상권":"양천향교역 7번",
    "값":40
  },
  {
    "상권":"답십리초등학교",
    "값":38
  },
  {
    "상권":"한성대입구역 3번",
    "값":33
  },
  {
    "상권":"망우본동주민센터",
    "값":33
  }
]