[
  {
    "시간대": "00~06",
    "매출금액": 7365081251,
    "매출건수": 157254
  },
  {
    "시간대": "06~11",
    "매출금액": 530586330,
    "매출건수": 25376
  },
  {
    "시간대": "11~14",
    "매출금액": 4287324817,
    "매출건수": 200308
  },
  {
    "시간대": "14~17",
    "매출금액": 5619468961,
    "매출건수": 225116
  },
  {
    "시간대": "17~21",
    "매출금액": 42061261432,
    "매출건수": 1341351
  },
  {
    "시간대": "21~24",
    "매출금액": 40735655622,
    "매출건수": 958458
  }
]