[
  {
    "상권":"종로?청계 관광특구",
    "값":14
  },
  {
    "상권":"노원역",
    "값":14
  },
  {
    "상권":"강남역",
    "값":12
  },
  {
    "상권":"어린이대공원역",
    "값":12
  },
  {
    "상권":"명동 남대문 북창동 다동 무교동 관광특구",
    "값":9
  },
  {
    "상권":"목동신시가지",
    "값":9
  },
  {
    "상권":"신촌역(신촌역, 신촌로터리)",
    "값":9
  },
  {
    "상권":"쌍문시장(쌍문역골목시장)",
    "값":8
  },
  {
    "상권":"독산동",
    "값":8
  },
  {
    "상권":"가산디지털단지",
    "값":8
  }
]