[
  {
    "상권":"NH농협은행 상도동지점",
    "값":33
  },
  {
    "상권":"본서부병원",
    "값":33
  },
  {
    "상권":"장지동주민센터(한림연예예술고교)",
    "값":33
  },
  {
    "상권":"안암역",
    "값":25
  },
  {
    "상권":"보인중학교",
    "값":25
  },
  {
    "상권":"서경대학교",
    "값":25
  },
  {
    "상권":"삼전역 3번",
    "값":25
  },
  {
    "상권":"종암아이파크2차",
    "값":25
  },
  {
    "상권":"마포시장",
    "값":25
  },
  {
    "상권":"창동역 2번",
    "값":25
  }
]