[
  {
    "상권":"문성초등학교",
    "값":67
  },
  {
    "상권":"송중초등학교",
    "값":67
  },
  {
    "상권":"효창공원앞역 5번",
    "값":67
  },
  {
    "상권":"석촌역 3번",
    "값":50
  },
  {
    "상권":"둔촌동역 1번(한산중학교)",
    "값":50
  },
  {
    "상권":"수서역",
    "값":50
  },
  {
    "상권":"신방화역 2번",
    "값":46
  },
  {
    "상권":"방학역 1번",
    "값":44
  },
  {
    "상권":"까치산역",
    "값":40
  },
  {
    "상권":"쌍문역동측상점가",
    "값":40
  }
]