[
  {
    "요일": "금요일_매출_금액",
    "매출": 17267315356
  },
  {
    "요일": "목요일_매출_금액",
    "매출": 15240313018
  },
  {
    "요일": "수요일_매출_금액",
    "매출": 15233242794
  },
  {
    "요일": "토요일_매출_금액",
    "매출": 14607162163
  },
  {
    "요일": "월요일_매출_금액",
    "매출": 14135291936
  },
  {
    "요일": "화요일_매출_금액",
    "매출": 13359518069
  },
  {
    "요일": "일요일_매출_금액",
    "매출": 10756535077
  },
  {
    "요일": "금요일_매출_건수",
    "매출": 490790
  },
  {
    "요일": "토요일_매출_건수",
    "매출": 441311
  },
  {
    "요일": "수요일_매출_건수",
    "매출": 428795
  },
  {
    "요일": "목요일_매출_건수",
    "매출": 428374
  },
  {
    "요일": "월요일_매출_건수",
    "매출": 390895
  },
  {
    "요일": "화요일_매출_건수",
    "매출": 378483
  },
  {
    "요일": "일요일_매출_건수",
    "매출": 349215
  }
]