[
  {
    "상권":"영등포역지하도상점가",
    "값":40
  },
  {
    "상권":"신월4동주민센터",
    "값":33
  },
  {
    "상권":"대림3동사거리",
    "값":33
  },
  {
    "상권":"신논현역",
    "값":33
  },
  {
    "상권":"세곡초등학교",
    "값":33
  },
  {
    "상권":"효창공원앞역 5번",
    "값":33
  },
  {
    "상권":"녹두거리(대학동)",
    "값":33
  },
  {
    "상권":"길동주민센터(강동도서관)",
    "값":33
  },
  {
    "상권":"이촌종합시장",
    "값":33
  },
  {
    "상권":"둔촌동역 4번",
    "값":29
  }
]