[
  {
    "시간대": "00~06",
    "매출금액": 7307825734,
    "매출건수": 154566
  },
  {
    "시간대": "06~11",
    "매출금액": 424511971,
    "매출건수": 17319
  },
  {
    "시간대": "11~14",
    "매출금액": 3795922211,
    "매출건수": 183821
  },
  {
    "시간대": "14~17",
    "매출금액": 5454546905,
    "매출건수": 231725
  },
  {
    "시간대": "17~21",
    "매출금액": 37440903928,
    "매출건수": 1233248
  },
  {
    "시간대": "21~24",
    "매출금액": 38740507180,
    "매출건수": 898205
  }
]
