[
  {
    "상권":"명지대학교교회",
    "값":75
  },
  {
    "상권":"대림3동사거리",
    "값":67
  },
  {
    "상권":"고덕동성당",
    "값":50
  },
  {
    "상권":"영동전통시장",
    "값":50
  },
  {
    "상권":"중랑노인종합복지관",
    "값":40
  },
  {
    "상권":"성수역",
    "값":40
  },
  {
    "상권":"양재시민의숲역(양재동꽃시장, aT센터)",
    "값":38
  },
  {
    "상권":"홍대땡땡거리",
    "값":33
  },
  {
    "상권":"구의1동주민센터",
    "값":33
  },
  {
    "상권":"이촌종합시장",
    "값":33
  }
]