[
  {
    "relation": [
      "delegate_permission/common.handle_all_urls",
      "delegate_permission/common.get_login_creds"
    ],
    "target": {
      "namespace": "android_app",
      "package_name": "app.web.where2chicken.twa",
      "sha256_cert_fingerprints": [
        "1A:01:92:65:A3:4E:4E:77:15:DF:F1:7F:55:4A:1A:D6:3D:87:DF:38:11:2A:1B:0E:15:66:1E:66:40:B3:FD:52",
        "02:6E:CB:7E:50:E1:ED:5A:D3:C7:F7:36:77:E7:F6:0E:33:12:AE:56:3F:71:13:51:E9:A9:CB:74:EB:B0:08:E4"
      ]
    }
  }
]
